Date,Day,Prev Close,Open,High,Low,Last,Close,Change %,Avg Price (VWAP),Volume (shares),Turnover (Rs Lakhs),No. of Trades,Deliverable Qty,Delivery %,20D Avg Volume,Volume vs 20D Avg
2025-06-19,Thu,791.9,792.35,793.25,781.7,782.6,785.1,-0.86,786.26,11824333,92970.46,289212,6593944,55.77,11824333,1.0
2025-06-20,Fri,785.1,787.5,799.45,786.1,795.25,796.15,1.41,794.39,11367669,90303.31,169215,6915523,60.84,11596001,0.98
2025-06-23,Mon,796.15,790.0,794.95,788.5,790.0,790.2,-0.75,791.21,5549253,43906.05,131841,2972352,53.56,9580418,0.58
2025-06-24,Tue,790.2,799.0,806.65,793.65,795.75,795.4,0.66,799.6,11402190,91171.66,184002,5318397,46.64,10035861,1.14
2025-06-25,Wed,795.4,799.5,803.8,796.1,800.0,800.05,0.58,799.91,6528324,52220.95,131096,3347834,51.28,9334354,0.7
2025-06-26,Thu,800.05,802.0,803.35,791.4,796.05,797.05,-0.37,795.08,24704402,196419.48,208543,16405235,66.41,11896028,2.08
2025-06-27,Fri,797.05,805.0,809.45,802.65,804.55,805.4,1.05,805.86,19375990,156142.55,262127,11060747,57.08,12964594,1.49
2025-06-30,Mon,805.4,809.0,821.0,807.05,819.85,820.35,1.86,816.64,19652607,160491.37,249562,11255428,57.27,13800596,1.42
2025-07-01,Tue,820.35,820.0,824.9,813.25,820.2,820.3,-0.01,819.76,11456405,93914.84,157197,6222800,54.32,13540130,0.85
2025-07-02,Wed,820.3,821.0,824.05,809.0,812.7,812.9,-0.9,814.81,6661200,54275.84,121545,2892137,43.42,12852237,0.52
2025-07-03,Thu,812.9,813.5,814.5,805.8,807.0,807.1,-0.71,809.78,7020403,56849.73,137793,3060963,43.6,12322071,0.57
2025-07-04,Fri,807.1,808.75,813.85,804.1,811.25,811.85,0.59,808.47,4319538,34922.05,96453,1715122,39.71,11655193,0.37
2025-07-07,Mon,811.85,811.2,812.65,805.15,807.0,806.85,-0.62,807.71,4461783,36038.4,110862,2513816,56.34,11101854,0.4
2025-07-08,Tue,806.85,807.9,813.55,805.35,812.25,812.65,0.72,809.46,5935770,48047.96,152435,3347019,56.39,10732848,0.55
2025-07-09,Wed,812.65,810.0,812.45,809.0,811.0,810.95,-0.21,810.91,4099112,33239.96,171040,2320543,56.61,10290599,0.4
2025-07-10,Thu,810.95,811.3,815.5,806.9,807.55,808.0,-0.36,810.53,12178137,98707.67,171580,7633181,62.68,10408570,1.17
2025-07-11,Fri,808.0,807.55,812.55,804.55,808.6,808.65,0.08,808.72,6202372,50159.55,143253,3729014,60.12,10161146,0.61
2025-07-14,Mon,808.65,809.8,815.5,808.0,809.1,808.85,0.02,810.6,6938635,56244.61,112079,4338060,62.52,9982118,0.7
2025-07-15,Tue,808.85,811.0,821.0,810.5,816.4,816.45,0.94,816.69,9297645,75932.8,163000,4658533,50.1,9946093,0.93
2025-07-16,Wed,816.45,816.0,834.2,815.3,830.5,831.7,1.87,827.89,16458920,136262.44,287903,8506197,51.68,10271734,1.6
2025-07-17,Thu,831.7,838.4,842.5,826.35,828.75,829.0,-0.32,834.43,23073718,192533.24,267805,12283837,53.24,10834204,2.13
2025-07-18,Fri,829.0,832.0,832.65,820.25,823.0,823.35,-0.68,823.4,15387801,126702.7,177062,10967785,71.28,11035210,1.39
2025-07-21,Mon,823.35,823.0,827.35,817.95,824.6,824.2,0.1,823.65,8852594,72914.71,146624,5675757,64.11,11200377,0.79
2025-07-22,Tue,824.2,827.5,828.05,814.0,814.65,815.0,-1.12,819.53,7851163,64342.97,146969,4602820,58.63,11022826,0.71
2025-07-23,Wed,815.0,812.5,825.2,811.5,820.05,820.65,0.69,817.03,15470390,126397.61,221637,11063066,71.51,11469929,1.35
2025-07-24,Thu,820.65,820.0,821.95,810.65,816.5,815.7,-0.6,815.53,10118309,82517.56,197128,6565718,64.89,10740625,0.94
2025-07-25,Fri,815.7,815.0,819.2,805.5,805.9,806.55,-1.12,810.72,6734439,54597.44,155026,3770871,55.99,10108547,0.67
2025-07-28,Mon,806.55,806.55,808.95,796.0,796.55,797.15,-1.17,801.77,7734158,62010.52,243443,4874326,63.02,9512625,0.81
2025-07-29,Tue,797.15,796.2,800.0,793.1,798.85,799.2,0.26,797.21,7833759,62451.23,133563,4698526,59.98,9331492,0.84
2025-07-30,Wed,799.2,798.95,803.4,796.2,800.0,801.65,0.31,800.75,8743723,70015.27,119582,5438858,62.2,9435618,0.93
2025-07-31,Thu,801.65,795.1,803.8,792.55,796.0,796.55,-0.64,798.31,11359112,90680.69,185101,5989053,52.72,9652554,1.18
2025-08-01,Fri,796.55,795.7,801.0,792.0,792.95,794.0,-0.32,795.49,15468391,123049.84,180563,11445640,73.99,10209997,1.52
2025-08-04,Mon,794.0,794.5,797.2,786.55,796.8,795.7,0.21,792.44,8820724,69898.58,169176,5373632,60.92,10427944,0.85
2025-08-05,Tue,795.7,798.0,804.05,796.3,800.5,800.6,0.62,800.2,7381537,59066.93,174330,4350062,58.93,10500232,0.7
2025-08-06,Wed,800.6,800.95,810.2,799.0,804.8,805.15,0.57,804.39,7409396,59600.18,120510,3360473,45.35,10665746,0.69
2025-08-07,Thu,805.15,801.1,806.65,793.4,805.6,805.15,0.0,799.81,7091392,56717.68,134092,3593816,50.68,10411409,0.68
2025-08-08,Fri,805.15,805.0,807.8,790.0,802.5,804.3,-0.11,801.59,15708181,125915.59,277397,5962539,37.96,10886699,1.44
2025-08-11,Mon,804.3,808.0,825.0,808.0,820.8,823.45,2.38,820.82,15236297,125062.19,287439,8393166,55.09,11301582,1.35
2025-08-12,Tue,823.45,824.95,825.5,820.0,821.1,820.6,-0.35,823.09,7986728,65737.59,224361,4676263,58.55,11236037,0.71
2025-08-13,Wed,820.6,822.65,824.95,820.65,821.55,821.85,0.15,822.38,4447508,36575.3,85625,2461882,55.35,10635466,0.42
2025-08-14,Thu,821.85,822.0,828.0,819.1,825.5,826.55,0.57,826.02,7087573,58544.78,152716,3593064,50.7,9836159,0.72
2025-08-18,Mon,826.55,836.0,838.0,825.15,826.2,827.65,0.13,829.82,6138124,50935.39,136179,3683472,60.01,9373675,0.65
2025-08-19,Tue,827.65,827.5,831.0,825.8,829.15,830.4,0.33,829.06,5076681,42088.58,110280,3142693,61.9,9184879,0.55
2025-08-20,Wed,830.4,828.7,831.9,827.4,828.9,828.95,-0.17,829.56,4493888,37279.7,89785,2715546,60.43,9017016,0.5
2025-08-21,Thu,828.95,828.95,833.25,824.05,824.05,825.7,-0.39,828.67,4402511,36482.16,108762,1567457,35.6,8463622,0.52
2025-08-22,Fri,825.7,824.0,826.0,815.7,816.8,816.25,-1.14,819.33,5097647,41766.41,141389,3376839,66.24,8212588,0.62
2025-08-25,Mon,816.25,817.45,820.5,814.2,816.5,816.45,0.02,817.57,5672898,46379.82,176881,3605671,63.56,8159511,0.7
2025-08-26,Tue,816.45,814.85,815.85,806.75,808.4,807.85,-1.05,810.3,6997817,56703.33,127200,4310579,61.6,8122694,0.86
2025-08-28,Thu,807.85,807.25,811.0,800.65,802.9,801.95,-0.73,806.19,7898436,63676.29,163534,3880080,49.12,8125928,0.97
2025-08-29,Fri,801.95,800.7,806.7,798.5,802.4,802.5,0.07,803.0,6861440,55097.12,127449,4361938,63.57,8031814,0.85
2025-09-01,Mon,802.5,803.1,808.3,802.65,805.5,806.05,0.44,805.3,5619805,45256.57,128697,3147651,56.01,7744849,0.73
2025-09-02,Tue,806.05,806.3,810.5,802.65,803.75,803.9,-0.27,806.45,5075460,40931.29,106989,2301086,45.34,7225202,0.7
2025-09-03,Wed,803.9,804.3,813.3,803.0,813.0,812.15,1.03,810.4,4261589,34535.82,87672,2190190,51.39,6997245,0.61
2025-09-04,Thu,812.15,814.65,816.75,808.0,809.85,809.4,-0.34,811.23,4471950,36277.65,96652,2279579,50.98,6851766,0.65
2025-09-05,Fri,809.4,811.5,812.5,803.65,806.95,806.6,-0.35,807.29,5194842,41937.21,102729,2419904,46.58,6741038,0.77
2025-09-08,Mon,806.6,808.0,813.85,806.8,808.0,808.8,0.27,810.2,4614227,37384.54,121620,2805764,60.81,6617180,0.7
2025-09-09,Tue,808.8,812.0,812.35,805.6,808.0,808.85,0.01,808.44,4567272,36923.47,104998,1624783,35.57,6060135,0.75
2025-09-10,Wed,808.85,812.0,824.6,810.4,818.45,818.2,1.16,818.64,7285853,59644.84,106322,4313967,59.21,5662612,1.29
2025-09-11,Thu,818.2,819.1,825.7,819.0,824.6,823.65,0.67,823.2,7425055,61122.88,127782,3655874,49.24,5634529,1.32
2025-09-12,Fri,823.65,824.1,825.8,819.8,823.2,823.55,-0.01,822.85,5078018,41784.29,97209,3322711,65.43,5666054,0.9
2025-09-15,Mon,823.55,823.55,827.8,821.1,824.0,824.75,0.15,824.82,3852494,31776.19,112933,1678632,43.57,5504300,0.7
2025-09-16,Tue,824.75,825.1,833.0,821.65,832.65,831.55,0.82,829.33,9467531,78517.54,176946,4527713,47.82,5670771,1.67
2025-09-17,Wed,831.55,834.3,858.15,831.0,856.9,857.15,3.08,847.27,17243938,146103.5,240034,8296103,48.11,6279134,2.75
2025-09-18,Thu,857.15,858.65,860.8,851.1,854.1,854.35,-0.33,855.42,10400847,88970.52,261925,5852962,56.27,6574482,1.58
2025-09-19,Fri,854.35,852.0,864.45,849.3,862.55,862.35,0.94,861.0,15206426,130927.18,246465,10288458,67.66,7114677,2.14
2025-09-22,Mon,862.35,862.0,868.2,854.0,854.7,855.25,-0.82,860.89,6594034,56767.37,158066,3301087,50.06,7189497,0.92
2025-09-23,Tue,855.25,854.6,874.25,851.2,869.6,870.6,1.79,866.65,14357863,124431.85,218373,7216250,50.26,7623745,1.88
2025-09-24,Wed,870.6,876.0,880.5,864.45,866.15,866.2,-0.51,872.28,12840160,112002.49,219731,6855311,53.39,7915862,1.62
2025-09-25,Thu,866.2,866.55,870.15,859.95,861.45,861.15,-0.58,864.66,8678821,75041.97,190936,4780326,55.08,7954881,1.09
2025-09-26,Fri,861.15,862.0,864.35,853.0,857.0,856.95,-0.49,857.34,6959545,59666.78,158616,3708594,53.29,7959786,0.87
2025-09-29,Mon,856.95,858.05,873.5,856.0,870.25,870.75,1.61,868.13,22641712,196559.96,192001,16060485,70.93,8810882,2.57
2025-09-30,Tue,870.75,869.95,877.6,867.6,873.7,872.45,0.2,873.54,12831593,112088.95,205386,6278457,48.93,9198688,1.39
2025-10-01,Wed,872.45,872.3,876.45,862.8,865.15,864.1,-0.96,866.79,10832384,93894.47,218205,4693297,43.33,9527228,1.14
2025-10-03,Fri,864.1,865.15,873.0,863.8,867.7,867.3,0.37,867.43,8019442,69562.9,154834,3306577,41.23,9704603,0.83
2025-10-06,Mon,867.3,868.0,875.3,862.8,873.8,874.05,0.78,868.71,7820352,67936.31,164571,3154409,40.34,9835878,0.8
2025-10-07,Tue,874.05,874.15,877.0,863.0,864.15,864.7,-1.07,868.32,9242580,80255.24,167126,3836557,41.51,10067296,0.92
2025-10-08,Wed,864.7,866.8,867.8,857.25,857.3,858.25,-0.75,860.69,7156112,61592.19,129510,3196676,44.67,10196738,0.7
2025-10-09,Thu,858.25,861.6,865.8,858.1,861.4,862.1,0.45,861.48,7020501,60480.15,121377,2984085,42.51,10183470,0.69
2025-10-10,Fri,862.1,862.1,883.75,861.3,881.25,880.65,2.15,879.53,13713015,120610.33,191535,7296399,53.21,10497868,1.31
2025-10-13,Mon,880.65,879.0,888.1,876.0,884.0,882.95,0.26,884.03,11923143,105403.94,198375,6528484,54.75,10840125,1.1
2025-10-14,Tue,882.95,883.0,884.15,872.1,876.0,876.95,-0.68,876.97,7681973,67368.97,134593,3064779,39.9,11031599,0.7
2025-10-15,Wed,876.95,878.1,887.5,877.05,886.9,886.1,1.04,884.42,8269225,73135.05,246174,4861701,58.79,10971683,0.75
2025-10-16,Thu,886.1,888.3,891.85,882.45,886.2,886.95,0.1,887.32,8493686,75365.88,269552,4879105,57.44,10534171,0.81
2025-10-17,Fri,886.95,887.5,894.75,883.0,888.0,889.15,0.25,888.75,8511854,75649.5,231474,3838989,45.1,10439721,0.82
2025-10-20,Mon,889.15,894.6,913.65,891.05,907.0,907.5,2.06,905.33,13546463,122640.27,241758,6192509,45.71,10356723,1.31
2025-10-21,Tue,907.5,908.0,910.0,906.4,907.05,907.85,0.04,907.99,1783576,16194.77,51138,1097286,61.54,10116200,0.18
2025-10-21,Tue,907.5,908.0,910.0,906.4,907.05,907.85,0.04,907.99,1783576,16194.77,51138,1097286,61.54,9487486,0.19
2025-10-23,Thu,907.85,912.0,918.0,904.8,909.1,911.55,0.41,913.11,13382769,122199.45,338233,8433759,63.02,9514616,1.41
2025-10-24,Fri,911.55,910.95,914.1,900.95,904.0,904.5,-0.77,905.66,5313227,48119.92,173275,2123446,39.97,9346336,0.57
2025-10-27,Mon,904.5,906.95,928.0,906.0,926.9,922.75,2.02,918.09,9150761,84012.63,179901,5428432,59.32,9455897,0.97
2025-10-28,Tue,922.75,927.1,935.85,917.7,930.5,930.25,0.81,927.38,22066289,204637.62,333815,10943585,49.59,9427126,2.34
2025-10-29,Wed,930.25,933.9,942.05,930.25,939.0,939.75,1.02,937.9,12314222,115494.98,238682,6258775,50.83,9401258,1.31
2025-10-30,Thu,939.75,939.45,944.9,933.05,934.5,934.35,-0.57,938.89,13044473,122472.66,248310,5713901,43.8,9511862,1.37
2025-10-31,Fri,934.35,934.9,946.7,930.25,937.5,937.0,0.28,939.16,12078252,113433.7,261943,6609718,54.72,9714802,1.24
2025-11-03,Mon,937.0,938.75,953.4,937.5,948.6,949.7,1.36,948.05,11744735,111346.11,257905,4440992,37.81,9911022,1.19
2025-11-04,Tue,949.7,951.0,959.3,941.5,954.6,957.6,0.83,951.24,19154518,182205.1,274272,4714905,24.62,10406618,1.84
2025-11-04,Tue,949.7,951.0,959.3,941.5,954.6,957.6,0.83,951.24,19154518,182205.1,274272,4714905,24.62,11006539,1.74
2025-11-06,Thu,957.6,969.65,971.4,955.3,959.85,960.75,0.33,962.26,23088096,222166.71,295608,13397703,58.03,11809919,1.95
2025-11-07,Fri,960.75,958.75,964.85,944.0,954.8,955.85,-0.51,955.55,13371323,127770.09,213279,7959780,59.53,11792834,1.13
2025-11-10,Mon,955.85,956.0,963.2,949.1,950.55,951.15,-0.49,952.71,7343249,69959.81,152876,3897836,53.08,11563839,0.64
2025-11-11,Tue,951.15,953.6,954.95,945.05,954.0,953.3,0.23,951.16,8648917,82264.99,194994,4657015,53.85,11612186,0.74
2025-11-12,Wed,953.3,957.7,961.55,951.4,953.7,957.15,0.4,958.12,7043323,67483.4,135063,4074618,57.85,11550891,0.61
2025-11-14,Fri,954.0,952.95,969.05,952.0,967.95,967.85,1.45,962.38,11032927,106178.44,191862,7101035,64.36,11677853,0.94
2025-11-17,Mon,967.85,971.0,976.0,968.5,973.0,973.35,0.57,973.09,7415026,72154.89,117287,4733813,63.84,11623012,0.64
2025-11-18,Tue,973.35,975.6,976.7,968.85,971.3,972.45,-0.09,972.74,6594686,64149.42,107945,3596058,54.53,11275423,0.58
2025-11-19,Wed,972.45,972.45,984.45,968.8,980.5,982.75,1.06,979.31,8291226,81196.88,142097,4914972,59.28,11600806,0.71
2025-11-20,Thu,982.75,986.0,986.6,979.35,981.05,981.55,-0.12,982.12,6440857,63256.85,139178,3856730,59.88,11833670,0.54
2025-11-21,Fri,981.55,979.7,980.6,971.05,972.45,972.6,-0.91,975.11,5377241,52434.1,113553,3526428,65.58,11433393,0.47
2025-11-24,Mon,972.6,975.55,977.7,968.05,969.7,970.6,-0.21,972.3,9901946,96276.96,112062,6465112,65.29,11662829,0.85
2025-11-25,Tue,970.6,975.55,988.95,971.35,983.5,983.6,1.34,983.32,9140201,89877.62,207975,4782863,52.33,11662301,0.78
2025-11-26,Wed,983.6,986.6,999.0,982.15,983.05,983.9,0.03,989.4,13943490,137956.95,178538,8480096,60.82,11256161,1.24
2025-11-27,Thu,983.9,986.7,988.55,968.9,973.0,972.85,-1.12,975.62,11909168,116188.05,174267,6251102,52.49,11235909,1.06
2025-11-28,Fri,972.85,976.8,983.0,973.05,976.35,979.0,0.63,978.89,8117842,79464.4,150394,4945604,60.92,10989577,0.74
2025-12-01,Mon,979.0,985.45,991.2,969.85,972.6,973.1,-0.6,979.16,8808306,86247.53,237856,4672529,53.05,10826080,0.81
2025-12-02,Tue,973.1,976.0,980.45,964.9,969.9,967.3,-0.6,973.23,13444314,130843.54,177697,8460301,62.93,10911059,1.23
2025-12-03,Wed,967.3,970.45,972.55,947.55,950.8,951.05,-1.68,952.61,14051968,133859.9,233255,9786367,69.64,10655931,1.32
2025-12-04,Thu,951.05,951.05,952.55,944.45,948.8,948.1,-0.31,947.46,13622724,129070.04,272677,10093237,74.09,10379342,1.31
2025-12-05,Fri,948.1,948.85,973.3,946.7,971.7,971.5,2.47,961.57,17347847,166812.38,190193,8919256,51.41,10092329,1.72
2025-12-08,Mon,971.5,970.85,972.5,951.7,955.4,956.4,-1.55,957.71,15386438,147357.62,201129,9560791,62.14,10193085,1.51
2025-12-09,Tue,956.4,954.8,964.0,950.45,960.5,959.35,0.31,959.08,9580294,91883.0,196017,4733387,49.41,10304937,0.93
2025-12-10,Wed,959.35,960.1,963.95,955.25,958.0,959.75,0.04,958.76,6989178,67009.63,130262,4697040,67.2,10221950,0.68
2025-12-11,Thu,959.75,962.1,966.5,958.45,962.6,963.25,0.36,962.82,5979035,57567.27,154525,3460867,57.88,10168736,0.59
2025-12-12,Fri,963.25,966.0,967.0,958.0,962.6,963.15,-0.01,961.54,5681930,54634.2,129140,3781173,66.55,9901186,0.57
2025-12-15,Mon,963.15,957.25,968.85,957.25,966.1,967.25,0.43,964.79,4416952,42614.36,136982,2393856,54.2,9751282,0.45
2025-12-16,Tue,967.25,966.05,969.0,958.05,960.0,961.15,-0.63,963.41,4764786,45904.46,161741,2564613,53.82,9659787,0.49
2025-12-17,Wed,961.15,965.55,978.5,964.3,976.35,975.85,1.53,974.78,8013382,78113.01,157698,4403763,54.96,9645895,0.83
2025-12-18,Thu,975.85,977.9,981.45,973.5,976.5,977.55,0.17,977.85,4926879,48177.43,123255,2866960,58.19,9570196,0.51
2025-12-19,Fri,977.55,979.95,982.0,977.05,980.0,980.3,0.28,979.9,5376584,52685.19,105980,3858700,71.77,9570163,0.56
2025-12-22,Mon,980.3,981.1,983.0,972.55,974.5,974.3,-0.61,975.83,5959037,58150.18,172900,3825938,64.2,9373018,0.64
2025-12-23,Tue,974.3,976.3,977.55,970.7,971.25,971.9,-0.25,973.41,5123287,49870.59,142849,3076142,60.04,9172172,0.56
2025-12-24,Wed,971.9,973.2,977.3,967.5,968.85,968.95,-0.3,972.14,4105643,39912.8,127471,2078323,50.62,8680280,0.47
2025-12-26,Fri,968.95,968.95,971.0,964.75,966.5,966.3,-0.27,967.5,3286321,31795.13,101940,1928614,58.69,8249137,0.4
2025-12-29,Mon,966.3,966.9,968.9,961.45,965.7,965.05,-0.13,965.03,5267233,50830.23,143589,3621874,68.76,8106607,0.65
2025-12-30,Tue,965.05,963.0,976.2,959.5,973.1,973.45,0.87,971.99,15030644,146096.77,221265,11034482,73.41,8417724,1.79
2025-12-31,Wed,973.45,975.25,985.65,973.5,982.4,982.2,0.9,982.0,5807630,57030.86,109225,3834684,66.03,8035890,0.72
2026-01-01,Thu,982.2,983.2,987.65,980.35,984.6,984.75,0.26,984.57,4328348,42615.71,95120,2382544,55.05,7549709,0.57
2026-01-02,Fri,984.75,984.5,1009.5,983.95,1005.65,998.95,1.44,993.34,7357435,73083.99,117850,4418601,60.06,7236444,1.02
2026-01-05,Mon,998.95,1000.0,1015.5,1000.0,1005.4,1005.55,0.66,1007.59,11259060,113445.53,183843,6742218,59.88,6932005,1.62
2026-01-06,Tue,1005.55,1007.95,1024.0,1004.95,1018.05,1018.9,1.33,1018.15,9575742,97495.2,223012,5659882,59.11,6641470,1.44
2026-01-07,Wed,1018.9,1022.7,1022.7,1004.0,1006.9,1007.15,-1.15,1009.83,7896720,79743.67,140422,4907366,62.14,6557291,1.2
2026-01-08,Thu,1007.15,1006.6,1011.6,995.85,997.6,998.0,-0.91,1001.81,6854268,68666.85,184563,3817691,55.7,6550546,1.05
2026-01-09,Fri,998.0,996.0,1008.0,994.0,1000.05,1000.5,0.25,1001.78,7809460,78233.68,127785,4272745,54.71,6642067,1.18
2026-01-12,Mon,1000.5,1008.0,1017.25,996.0,1014.5,1015.15,1.46,1006.21,7617922,76652.03,161160,4160641,54.62,6738867,1.13
2026-01-13,Tue,1015.15,1022.8,1029.5,1016.0,1028.5,1028.45,1.31,1025.2,11016895,112944.66,165775,6911009,62.73,7068864,1.56
2026-01-14,Wed,1028.45,1030.0,1030.4,1020.5,1030.0,1028.35,-0.01,1026.09,7370514,75627.77,131534,3757925,50.99,7199150,1.02
2026-01-14,Wed,1028.45,1030.0,1030.4,1020.5,1030.0,1028.35,-0.01,1026.09,7370514,75627.77,131534,3757925,50.99,7167007,1.03
2026-01-16,Fri,1028.35,1032.0,1047.45,1028.4,1040.6,1042.3,1.36,1039.49,11051580,114879.66,247268,7305291,66.1,7473242,1.48
2026-01-19,Mon,1042.3,1035.0,1043.6,1034.0,1038.5,1038.4,-0.37,1039.62,5460164,56764.89,150416,3287159,60.2,7477421,0.73
2026-01-20,Tue,1038.4,1039.75,1052.0,1033.05,1034.25,1036.4,-0.19,1040.41,8905718,92656.15,194593,5445587,61.15,7624755,1.17
2026-01-21,Wed,1036.4,1032.0,1040.6,1022.0,1029.45,1028.65,-0.75,1029.89,7408949,76303.93,154792,4318078,58.28,7739038,0.96
2026-01-22,Thu,1028.65,1035.0,1055.5,1034.05,1050.2,1048.35,1.92,1046.47,12001641,125593.75,230274,7166872,59.72,8133838,1.48
2026-01-23,Fri,1048.35,1051.9,1053.0,1025.6,1028.4,1029.5,-1.8,1038.67,10917698,113398.54,206940,6860438,62.84,8515407,1.28
2026-01-23,Fri,1048.35,1051.9,1053.0,1025.6,1028.4,1029.5,-1.8,1038.67,10917698,113398.54,206940,6860438,62.84,8797930,1.24
2026-01-27,Tue,1029.5,1034.1,1055.0,1030.25,1053.0,1053.15,2.3,1044.18,14420630,150577.2,225915,7273214,50.44,8767429,1.64
2026-01-28,Wed,1053.15,1059.4,1065.6,1044.15,1062.65,1063.5,0.98,1058.02,12171257,128773.94,185549,7496477,61.59,9085611,1.34
2026-01-29,Thu,1063.5,1063.0,1075.0,1060.3,1067.25,1066.2,0.25,1069.34,14800724,158269.63,240283,10056175,67.94,9609229,1.54
2026-01-30,Fri,1066.2,1064.0,1082.5,1060.4,1077.0,1077.15,1.03,1074.86,9480769,101904.76,167283,5649219,59.59,9715396,0.98
2026-02-02,Mon,1018.2,1019.9,1031.3,990.0,1026.5,1028.7,1.03,1012.48,14434549,146146.79,304031,7093883,49.15,9874171,1.46
2026-02-03,Tue,1028.7,1087.0,1089.8,1040.3,1062.1,1064.2,3.45,1060.86,16129381,171110.94,243054,9649437,59.83,10201853,1.58
2026-02-04,Wed,1064.2,1064.2,1073.9,1056.3,1067.3,1068.2,0.38,1068.3,7312276,78117.36,270312,5107562,69.85,10172630,0.72
2026-02-05,Thu,1068.2,1068.2,1081.0,1067.5,1072.9,1073.5,0.5,1073.99,9551567,102582.74,307940,6309756,66.06,10307495,0.93
2026-02-06,Fri,1073.5,1070.0,1073.6,1051.0,1066.0,1066.4,-0.66,1061.27,7041557,74730.0,149134,3904344,55.45,10269100,0.69
2026-02-09,Mon,1066.4,1120.0,1150.0,1100.5,1147.8,1146.0,7.46,1134.48,40852966,463466.95,670729,21865606,53.52,11930852,3.42
2026-02-10,Tue,1146.0,1151.0,1154.0,1138.1,1142.2,1144.1,-0.17,1143.87,17280036,197661.73,250192,10516689,60.86,12244009,1.41
2026-02-11,Wed,1144.1,1144.7,1187.5,1142.8,1181.1,1182.9,3.39,1173.34,29491859,346039.03,401532,17701261,60.02,13350077,2.21
2026-02-12,Thu,1182.9,1183.0,1203.7,1174.8,1192.0,1192.4,0.8,1193.67,33214985,396475.77,376330,19957777,60.09,14642300,2.27
2026-02-13,Fri,1192.4,1189.0,1201.0,1184.5,1196.3,1198.6,0.52,1194.68,18141390,216731.3,226098,11464332,63.19,14996791,1.21
2026-02-16,Mon,1198.6,1194.0,1212.3,1185.3,1210.7,1208.1,0.79,1194.69,14972739,178878.43,271610,8908625,59.5,15472419,0.97
2026-02-17,Tue,1208.1,1206.1,1225.5,1204.1,1213.6,1213.4,0.44,1217.0,20107196,244704.28,267679,11513885,57.26,16032493,1.25
2026-02-18,Wed,1213.4,1218.8,1224.1,1214.0,1219.2,1218.9,0.45,1218.94,10417264,126980.07,255363,6248563,59.98,16182909,0.64
2026-02-19,Thu,1218.9,1222.9,1224.9,1199.2,1203.0,1205.7,-1.08,1211.52,9630899,116680.65,177689,4684664,48.64,16064372,0.6
2026-02-20,Fri,1205.7,1206.2,1218.0,1201.8,1216.2,1216.1,0.86,1210.22,9958162,120515.77,199855,5395542,54.18,16016395,0.62
2026-02-23,Mon,1216.1,1222.0,1231.1,1217.1,1228.9,1227.8,0.96,1225.65,9733835,119303.13,201974,5906884,60.68,15957202,0.61
2026-02-24,Tue,1227.8,1232.0,1234.7,1219.7,1227.0,1223.3,-0.37,1225.16,15788449,193433.95,254767,9799064,62.06,16025593,0.99
2026-02-25,Wed,1223.3,1228.1,1228.1,1197.5,1199.3,1200.1,-1.9,1205.52,19581100,236054.63,257788,13787323,70.41,16396085,1.19
2026-02-26,Thu,1200.1,1201.0,1215.4,1188.9,1210.5,1209.5,0.78,1200.9,16196052,194498.08,324026,9811625,60.58,16465852,0.98
2026-02-27,Fri,1209.5,1207.0,1211.8,1198.6,1201.8,1201.7,-0.64,1202.73,10700355,128696.17,177264,6985916,65.29,16526831,0.65
2026-03-02,Mon,1201.7,1185.0,1197.3,1179.4,1189.5,1189.9,-0.98,1187.73,16270835,193253.98,295263,9008139,55.36,16618645,0.98
2026-03-02,Mon,1201.7,1185.0,1197.3,1179.4,1189.5,1189.9,-0.98,1187.73,16270835,193253.98,295263,9008139,55.36,16625718,0.98
2026-03-04,Wed,1189.9,1172.1,1182.7,1157.6,1173.3,1174.5,-1.29,1167.0,13855065,161689.09,278411,8436616,60.89,16952857,0.82
2026-03-05,Thu,1174.5,1181.0,1183.2,1150.6,1168.5,1169.5,-0.43,1165.03,22100665,257478.5,281615,14295949,64.69,17580312,1.26
2026-03-06,Fri,1169.5,1168.5,1169.3,1138.0,1139.8,1143.0,-2.27,1153.49,20333328,234543.47,265693,13855646,68.14,18244901,1.11
2026-03-09,Mon,1143.0,1115.0,1115.0,1064.3,1101.6,1098.5,-3.89,1082.98,24631198,266750.41,501841,13024138,52.88,17433812,1.41
2026-03-10,Tue,1098.5,1111.1,1119.9,1104.5,1114.0,1112.2,1.25,1111.52,17491459,194421.48,251051,9566402,54.69,17444384,1.0
2026-03-11,Wed,1112.2,1113.4,1115.9,1088.0,1090.8,1091.1,-1.9,1101.7,8364878,92155.96,195732,4673445,55.87,16388034,0.51
2026-03-12,Thu,1091.1,1075.1,1098.0,1070.5,1085.0,1085.2,-0.54,1080.46,14614140,157900.03,290778,7482048,51.2,15457992,0.95
2026-03-13,Fri,1085.2,1077.5,1081.3,1042.3,1046.0,1047.0,-3.52,1056.49,15978675,168813.35,326824,10423369,65.23,15349856,1.04
2026-03-16,Mon,1047.0,1048.7,1073.0,1036.1,1063.9,1066.7,1.88,1055.71,15322269,161759.24,257314,8360612,54.57,15367333,1.0
2026-03-17,Tue,1066.7,1073.9,1073.9,1047.0,1063.2,1064.7,-0.19,1059.34,16427877,174027.02,320717,5338861,32.5,15183367,1.08
2026-03-18,Wed,1064.7,1067.5,1075.4,1061.3,1069.0,1069.8,0.48,1067.78,10749915,114785.34,240312,5325014,49.54,15200000,0.71
2026-03-19,Thu,1069.8,1049.5,1059.7,1041.0,1052.6,1048.9,-1.95,1049.88,13431191,141011.19,376097,6379272,47.5,15390014,0.87
2026-03-20,Fri,1048.9,1058.4,1085.0,1054.0,1058.3,1058.0,0.87,1068.9,17748625,189714.45,497694,9830264,55.39,15779537,1.12
2026-03-23,Mon,1058.0,1039.0,1045.6,1014.2,1030.1,1031.9,-2.47,1031.01,16039603,165369.23,335720,8461504,52.75,16094826,1.0
2026-03-24,Tue,1031.9,1055.2,1059.0,1020.0,1038.0,1030.8,-0.11,1035.19,30416734,314869.66,310955,15712404,51.66,16826240,1.81
2026-03-25,Wed,1030.8,1043.0,1065.5,1043.0,1062.6,1060.6,2.89,1057.61,16205333,171388.78,251103,7537854,46.51,16657452,0.97
2026-03-25,Wed,1030.8,1043.0,1065.5,1043.0,1062.6,1060.6,2.89,1057.61,16205333,171388.78,251103,7537854,46.51,16657916,0.97
2026-03-27,Fri,1060.6,1051.3,1055.3,1013.0,1019.2,1019.5,-3.88,1032.18,20445349,211031.79,444041,12703916,62.14,17145165,1.19
2026-03-30,Mon,1019.5,1005.0,1009.4,975.8,980.8,979.4,-3.93,988.29,21438137,211870.27,314799,9371295,43.71,17403530,1.23
2026-03-30,Mon,1019.5,1005.0,1009.4,975.8,980.8,979.4,-3.93,988.29,21438137,211870.27,314799,9371295,43.71,17661896,1.21
2026-04-01,Wed,979.4,1008.0,1031.0,998.45,1018.0,1017.8,3.92,1014.18,17424479,176714.93,250727,7917435,45.44,17840366,0.98
2026-04-02,Thu,1017.8,1000.0,1026.0,977.9,1018.0,1018.4,0.06,1000.77,20777629,207936.42,388413,8523263,41.02,17774214,1.17
2026-04-02,Thu,1017.8,1000.0,1026.0,977.9,1018.0,1018.4,0.06,1000.77,20777629,207936.42,388413,8523263,41.02,17796430,1.17
2026-04-06,Mon,1018.4,1020.0,1035.7,1005.05,1033.4,1032.75,1.41,1020.29,23576634,240550.72,332091,11150138,47.29,17743701,1.33
2026-04-07,Tue,1032.75,1025.0,1033.7,1012.0,1028.0,1030.4,-0.23,1024.42,15021291,153881.05,218422,5350752,35.62,17620193,0.85
2026-04-08,Wed,1030.4,1074.0,1077.8,1059.45,1065.0,1061.45,3.01,1068.54,28533742,304895.01,315463,14682235,51.46,18628636,1.53
2026-04-09,Thu,1061.45,1060.1,1064.35,1038.3,1040.45,1040.95,-1.93,1047.89,24772948,259592.69,300821,10826945,43.7,19136576,1.29
2026-04-10,Fri,1040.95,1049.0,1069.45,1046.15,1066.0,1066.7,2.47,1060.04,17861336,189337.89,250442,9154450,51.25,19230710,0.93
2026-04-13,Mon,1066.7,1042.0,1067.25,1030.0,1062.0,1063.55,-0.3,1052.98,17763348,187045.0,243852,7009975,39.46,19352764,0.92
2026-04-13,Mon,1066.7,1042.0,1067.25,1030.0,1062.0,1063.55,-0.3,1052.98,17763348,187045.0,243852,7009975,39.46,19419537,0.91
2026-04-15,Wed,1063.55,1076.0,1088.0,1068.2,1070.9,1071.5,0.75,1074.29,16195810,173990.74,252841,7707583,47.59,19691832,0.82
2026-04-16,Thu,1071.5,1078.0,1084.15,1062.0,1066.7,1067.15,-0.41,1070.72,20313165,217496.45,274626,8716041,42.91,20035930,1.01
2026-04-17,Fri,1067.15,1067.0,1082.15,1060.0,1080.3,1080.25,1.23,1073.16,16823879,180546.42,174866,10692540,63.56,19989693,0.84
2026-04-20,Mon,1080.25,1080.3,1120.95,1075.85,1104.0,1107.85,2.55,1109.38,31179584,345901.41,409719,18283825,58.64,20746692,1.5
2026-04-21,Tue,1107.85,1113.4,1114.75,1105.95,1111.7,1111.85,0.36,1111.12,16963734,188488.13,221554,8669708,51.11,20074042,0.85
2026-04-22,Wed,1111.85,1110.0,1117.85,1100.1,1103.2,1103.3,-0.77,1105.72,12412659,137249.66,173846,7407492,59.68,19884409,0.62
2026-04-23,Thu,1103.3,1095.0,1101.9,1082.2,1095.0,1094.25,-0.82,1094.33,13669001,149584.31,167995,6338319,46.37,19757592,0.69
2026-04-24,Fri,1094.25,1091.35,1106.0,1090.05,1100.95,1101.1,0.63,1097.12,13774745,151126.02,194209,8580511,62.29,19424062,0.71
2026-04-27,Mon,1101.1,1110.95,1114.8,1103.4,1112.0,1111.85,0.98,1109.38,11624385,128958.63,189849,6727510,57.87,18933374,0.61
2026-04-28,Tue,1111.85,1102.3,1110.5,1089.15,1093.4,1091.3,-1.85,1097.54,10727835,117742.71,177701,4493353,41.88,18397859,0.58
2026-04-29,Wed,1091.3,1094.0,1105.0,1084.25,1088.4,1086.9,-0.4,1095.45,10611104,116239.09,170982,5916997,55.76,18057190,0.59
2026-04-30,Thu,1086.9,1075.0,1077.7,1063.0,1071.95,1068.45,-1.7,1069.56,14269539,152621.34,229719,6670067,46.74,17731786,0.8
2026-04-30,Thu,1086.9,1075.0,1077.7,1063.0,1071.95,1068.45,-1.7,1069.56,14269539,152621.34,229719,6670067,46.74,17406381,0.82
2026-05-04,Mon,1068.45,1063.6,1089.1,1063.6,1067.5,1068.4,-0.0,1076.63,11693211,125892.91,162818,6887314,58.9,16812210,0.7
2026-05-05,Tue,1068.4,1060.6,1068.5,1049.4,1060.0,1059.9,-0.8,1060.29,12194631,129298.33,222176,4566629,37.45,16670877,0.73
2026-05-06,Wed,1059.9,1072.0,1101.1,1061.2,1099.0,1096.0,3.41,1078.83,14384779,155186.92,196273,7370433,51.24,15963429,0.9
2026-05-07,Thu,1096.0,1106.0,1108.0,1086.1,1092.9,1092.0,-0.36,1094.08,16105163,176203.08,261618,7178302,44.57,15530040,1.04
2026-05-08,Fri,1092.0,1090.0,1095.0,1010.9,1018.4,1019.3,-6.66,1037.45,48065909,498658.88,592384,21794655,45.34,17040268,2.82
2026-05-11,Mon,1019.3,1007.0,1007.0,971.1,974.9,973.6,-4.48,980.59,46927396,460167.55,1016193,28316556,60.34,18498471,2.54
2026-05-12,Tue,973.6,976.9,981.4,962.4,976.1,974.6,0.1,972.2,25787092,250701.26,443183,11136191,43.19,18899658,1.36
2026-05-13,Wed,974.6,978.0,981.2,961.2,971.0,970.1,-0.46,972.53,17584580,171015.94,313800,6724500,38.24,18969096,0.93
2026-05-14,Thu,970.1,973.5,987.0,963.6,982.3,979.9,1.01,977.65,16487142,161185.78,260699,5898688,35.78,18777795,0.88
2026-05-15,Fri,979.9,971.2,972.5,957.0,961.6,963.2,-1.7,966.7,26972493,260743.9,298397,16782316,62.22,19285226,1.4
2026-05-18,Mon,963.2,952.0,954.9,933.9,938.8,939.4,-2.47,939.86,16554877,155592.79,608579,9199675,55.57,18553991,0.89
2026-05-19,Tue,939.4,942.0,956.6,939.5,946.9,948.8,1.0,947.88,17280869,163802.27,749834,8694335,50.31,18569847,0.93
2026-05-20,Wed,948.8,941.1,955.0,935.0,950.0,950.9,0.22,946.2,11928460,112867.68,191643,5643465,47.31,18545638,0.64
2026-05-21,Thu,950.9,957.0,960.9,946.5,950.0,950.9,0.0,952.38,11756520,111966.38,175233,4725570,40.2,18450013,0.64
2026-05-22,Fri,950.9,950.9,958.6,947.7,949.6,949.2,-0.18,952.41,7807192,74356.62,142000,4300251,55.08,18151636,0.43
2026-05-25,Mon,949.2,959.9,972.5,957.5,972.3,969.6,2.15,963.32,10934747,105336.29,182636,6186621,56.58,18117154,0.6
2026-05-26,Tue,969.6,969.9,978.8,962.1,969.8,968.5,-0.11,970.57,16269800,157909.49,171204,8470161,52.06,18394252,0.88
2026-05-27,Wed,968.5,969.8,975.9,966.6,967.3,967.8,-0.07,969.93,8111259,78673.78,187071,3174652,39.14,18269260,0.44
2026-05-27,Wed,968.5,969.8,975.9,966.6,967.3,967.8,-0.07,969.93,8111259,78673.78,187071,3174652,39.14,17961346,0.45
2026-05-29,Fri,967.8,967.8,973.7,960.3,965.3,964.4,-0.35,965.5,22292535,215233.52,258939,15418901,69.17,18362496,1.21
2026-06-01,Mon,964.4,966.25,970.25,950.1,954.5,954.1,-1.07,959.25,11118975,106658.83,170313,5101558,45.88,18333784,0.61
2026-06-02,Tue,954.1,950.95,961.3,939.9,960.0,956.65,0.27,951.21,15911760,151353.7,254830,6762630,42.5,18519640,0.86
2026-06-03,Wed,956.65,953.75,974.0,937.2,971.5,970.45,1.44,948.57,27947005,265095.99,251452,14338937,51.31,19197752,1.46
2026-06-04,Thu,970.45,969.9,985.8,961.1,979.25,979.25,0.91,977.95,18875883,184596.46,341904,9702135,51.4,19336288,0.98
2026-06-05,Fri,979.25,980.0,992.6,970.6,977.0,977.7,-0.16,981.76,20955539,205733.52,288991,9146984,43.65,17980769,1.17
2026-06-08,Mon,977.7,966.0,988.65,965.15,980.0,981.95,0.43,981.33,12895416,126546.06,452384,6656604,51.62,16279170,0.79
2026-06-09,Tue,981.95,985.0,1009.0,983.0,1004.1,1002.7,2.11,998.02,22142480,220986.42,270891,12680438,57.27,16096940,1.38
2026-06-10,Wed,1002.7,1002.7,1012.4,999.5,1000.85,1003.25,0.05,1006.59,19122317,192483.43,215158,13087660,68.44,16173826,1.18
2026-06-11,Thu,1003.25,998.1,1009.4,993.0,1001.1,1000.7,-0.25,1003.38,13773978,138204.95,195579,8102967,58.83,16038168,0.86
2026-06-12,Fri,1000.7,1018.0,1018.7,1004.35,1016.4,1017.15,1.64,1012.08,11081119,112150.18,193711,5804492,52.38,15243600,0.73
2026-06-15,Mon,1017.15,1034.0,1034.0,1018.5,1021.0,1020.85,0.36,1025.74,12463437,127841.9,230802,7322784,58.75,15039028,0.83
2026-06-16,Tue,1020.85,1023.8,1026.55,1007.4,1016.05,1015.3,-0.54,1014.02,9693677,98295.56,190586,4962421,51.19,14659668,0.66
2026-06-17,Wed,1015.3,1017.0,1028.1,1013.45,1026.5,1026.5,1.1,1021.04,8190062,83623.76,149867,4627035,56.5,14472748,0.57
